DATAFLOW,REF_AREA:Geographic area,INDICATOR:Indicator,SEX:Sex,TIME_PERIOD:Time period,OBS_VALUE:Observation Value,UNIT_MULTIPLIER:Unit multiplier,UNIT_MEASURE:Unit of measure,OBS_STATUS:Observation Status,OBS_CONF:Observation confidentaility,LOWER_BOUND:Lower Bound,UPPER_BOUND:Upper Bound,WGTD_SAMPL_SIZE:Weighted Sample Size,OBS_FOOTNOTE:Observation footnote,SERIES_FOOTNOTE:Series footnote,DATA_SOURCE:Data Source,SOURCE_LINK:Citation of or link to the data source,CUSTODIAN:Custodian,TIME_PERIOD_METHOD:Time period activity related to when the data are collected,REF_PERIOD:Reference Period,COVERAGE_TIME:The period of time for which data are provided,AGE:Current age
UNICEF:GLOBAL_DATAFLOW(1.0): Cross-sector indicators,SDGRC_ECA_CA: (SDGRC) Central Africa,MNCH_ANC4: Antenatal care 4+ visits - percentage of women (aged 15-49 years) attended at least four times during pregnancy by any provider,_T: Total,2018.0,54,0: Units,PCNT: %,RA: Reanalysed,F: Free,,,,,,Population weighted averages calculated by UNICEF using WPP2024 weights,,,EOF: End of fieldwork,,2000-2023,Y15T49: 15 to 49 years old
UNICEF:GLOBAL_DATAFLOW(1.0): Cross-sector indicators,SDGRC_ECA_CA: (SDGRC) Central Africa,MNCH_ANC4: Antenatal care 4+ visits - percentage of women (aged 15-49 years) attended at least four times during pregnancy by any provider,_T: Total,2019.0,54.6,0: Units,PCNT: %,RA: Reanalysed,F: Free,,,,,,Population weighted averages calculated by UNICEF using WPP2024 weights,,,EOF: End of fieldwork,,2000-2023,Y15T49: 15 to 49 years old
UNICEF:GLOBAL_DATAFLOW(1.0): Cross-sector indicators,SDGRC_ECA_CA: (SDGRC) Central Africa,MNCH_ANC4: Antenatal care 4+ visits - percentage of women (aged 15-49 years) attended at least four times during pregnancy by any provider,_T: Total,2020.0,55.3,0: Units,PCNT: %,RA: Reanalysed,F: Free,,,,,,Population weighted averages calculated by UNICEF using WPP2024 weights,,,EOF: End of fieldwork,,2000-2023,Y15T49: 15 to 49 years old
UNICEF:GLOBAL_DATAFLOW(1.0): Cross-sector indicators,SDGRC_ECA_CA: (SDGRC) Central Africa,MNCH_ANC4: Antenatal care 4+ visits - percentage of women (aged 15-49 years) attended at least four times during pregnancy by any provider,_T: Total,2021.0,55.9,0: Units,PCNT: %,RA: Reanalysed,F: Free,,,,,,Population weighted averages calculated by UNICEF using WPP2024 weights,,,EOF: End of fieldwork,,2000-2023,Y15T49: 15 to 49 years old
UNICEF:GLOBAL_DATAFLOW(1.0): Cross-sector indicators,SDGRC_ECA_CA: (SDGRC) Central Africa,MNCH_ANC4: Antenatal care 4+ visits - percentage of women (aged 15-49 years) attended at least four times during pregnancy by any provider,_T: Total,2022.0,56.6,0: Units,PCNT: %,RA: Reanalysed,F: Free,,,,,,Population weighted averages calculated by UNICEF using WPP2024 weights,,,EOF: End of fieldwork,,2000-2023,Y15T49: 15 to 49 years old
UNICEF:GLOBAL_DATAFLOW(1.0): Cross-sector indicators,SDGRC_ECA_EA: (SDGRC) Eastern Africa,MNCH_ANC4: Antenatal care 4+ visits - percentage of women (aged 15-49 years) attended at least four times during pregnancy by any provider,_T: Total,2018.0,46.9,0: Units,PCNT: %,RA: Reanalysed,F: Free,,,,,,Population weighted averages calculated by UNICEF using WPP2024 weights,,,EOF: End of fieldwork,,2000-2023,Y15T49: 15 to 49 years old
UNICEF:GLOBAL_DATAFLOW(1.0): Cross-sector indicators,SDGRC_ECA_EA: (SDGRC) Eastern Africa,MNCH_ANC4: Antenatal care 4+ visits - percentage of women (aged 15-49 years) attended at least four times during pregnancy by any provider,_T: Total,2019.0,48.1,0: Units,PCNT: %,RA: Reanalysed,F: Free,,,,,,Population weighted averages calculated by UNICEF using WPP2024 weights,,,EOF: End of fieldwork,,2000-2023,Y15T49: 15 to 49 years old
UNICEF:GLOBAL_DATAFLOW(1.0): Cross-sector indicators,SDGRC_ECA_EA: (SDGRC) Eastern Africa,MNCH_ANC4: Antenatal care 4+ visits - percentage of women (aged 15-49 years) attended at least four times during pregnancy by any provider,_T: Total,2020.0,49.1,0: Units,PCNT: %,RA: Reanalysed,F: Free,,,,,,Population weighted averages calculated by UNICEF using WPP2024 weights,,,EOF: End of fieldwork,,2000-2023,Y15T49: 15 to 49 years old
UNICEF:GLOBAL_DATAFLOW(1.0): Cross-sector indicators,SDGRC_ECA_EA: (SDGRC) Eastern Africa,MNCH_ANC4: Antenatal care 4+ visits - percentage of women (aged 15-49 years) attended at least four times during pregnancy by any provider,_T: Total,2021.0,50.4,0: Units,PCNT: %,RA: Reanalysed,F: Free,,,,,,Population weighted averages calculated by UNICEF using WPP2024 weights,,,EOF: End of fieldwork,,2000-2023,Y15T49: 15 to 49 years old
UNICEF:GLOBAL_DATAFLOW(1.0): Cross-sector indicators,SDGRC_ECA_EA: (SDGRC) Eastern Africa,MNCH_ANC4: Antenatal care 4+ visits - percentage of women (aged 15-49 years) attended at least four times during pregnancy by any provider,_T: Total,2022.0,51.4,0: Units,PCNT: %,RA: Reanalysed,F: Free,,,,,,Population weighted averages calculated by UNICEF using WPP2024 weights,,,EOF: End of fieldwork,,2000-2023,Y15T49: 15 to 49 years old
UNICEF:GLOBAL_DATAFLOW(1.0): Cross-sector indicators,SDGRC_ECA_NA: (SDGRC) North Africa,MNCH_ANC4: Antenatal care 4+ visits - percentage of women (aged 15-49 years) attended at least four times during pregnancy by any provider,_T: Total,2018.0,71.7,0: Units,PCNT: %,RA: Reanalysed,F: Free,,,,,,Population weighted averages calculated by UNICEF using WPP2024 weights,,,EOF: End of fieldwork,,2000-2023,Y15T49: 15 to 49 years old
UNICEF:GLOBAL_DATAFLOW(1.0): Cross-sector indicators,SDGRC_ECA_NA: (SDGRC) North Africa,MNCH_ANC4: Antenatal care 4+ visits - percentage of women (aged 15-49 years) attended at least four times during pregnancy by any provider,_T: Total,2019.0,72.3,0: Units,PCNT: %,RA: Reanalysed,F: Free,,,,,,Population weighted averages calculated by UNICEF using WPP2024 weights,,,EOF: End of fieldwork,,2000-2023,Y15T49: 15 to 49 years old
UNICEF:GLOBAL_DATAFLOW(1.0): Cross-sector indicators,SDGRC_ECA_NA: (SDGRC) North Africa,MNCH_ANC4: Antenatal care 4+ visits - percentage of women (aged 15-49 years) attended at least four times during pregnancy by any provider,_T: Total,2020.0,73.2,0: Units,PCNT: %,RA: Reanalysed,F: Free,,,,,,Population weighted averages calculated by UNICEF using WPP2024 weights,,,EOF: End of fieldwork,,2000-2023,Y15T49: 15 to 49 years old
UNICEF:GLOBAL_DATAFLOW(1.0): Cross-sector indicators,SDGRC_ECA_NA: (SDGRC) North Africa,MNCH_ANC4: Antenatal care 4+ visits - percentage of women (aged 15-49 years) attended at least four times during pregnancy by any provider,_T: Total,2021.0,74,0: Units,PCNT: %,RA: Reanalysed,F: Free,,,,,,Population weighted averages calculated by UNICEF using WPP2024 weights,,,EOF: End of fieldwork,,2000-2023,Y15T49: 15 to 49 years old
UNICEF:GLOBAL_DATAFLOW(1.0): Cross-sector indicators,SDGRC_ECA_NA: (SDGRC) North Africa,MNCH_ANC4: Antenatal care 4+ visits - percentage of women (aged 15-49 years) attended at least four times during pregnancy by any provider,_T: Total,2022.0,75,0: Units,PCNT: %,RA: Reanalysed,F: Free,,,,,,Population weighted averages calculated by UNICEF using WPP2024 weights,,,EOF: End of fieldwork,,2000-2023,Y15T49: 15 to 49 years old
UNICEF:GLOBAL_DATAFLOW(1.0): Cross-sector indicators,SDGRC_ECA_SA: (SDGRC) Southern Africa,MNCH_ANC4: Antenatal care 4+ visits - percentage of women (aged 15-49 years) attended at least four times during pregnancy by any provider,_T: Total,2018.0,63.6,0: Units,PCNT: %,RA: Reanalysed,F: Free,,,,,,Population weighted averages calculated by UNICEF using WPP2024 weights,,,EOF: End of fieldwork,,2000-2023,Y15T49: 15 to 49 years old
UNICEF:GLOBAL_DATAFLOW(1.0): Cross-sector indicators,SDGRC_ECA_SA: (SDGRC) Southern Africa,MNCH_ANC4: Antenatal care 4+ visits - percentage of women (aged 15-49 years) attended at least four times during pregnancy by any provider,_T: Total,2019.0,64.3,0: Units,PCNT: %,RA: Reanalysed,F: Free,,,,,,Population weighted averages calculated by UNICEF using WPP2024 weights,,,EOF: End of fieldwork,,2000-2023,Y15T49: 15 to 49 years old
UNICEF:GLOBAL_DATAFLOW(1.0): Cross-sector indicators,SDGRC_ECA_SA: (SDGRC) Southern Africa,MNCH_ANC4: Antenatal care 4+ visits - percentage of women (aged 15-49 years) attended at least four times during pregnancy by any provider,_T: Total,2020.0,64.9,0: Units,PCNT: %,RA: Reanalysed,F: Free,,,,,,Population weighted averages calculated by UNICEF using WPP2024 weights,,,EOF: End of fieldwork,,2000-2023,Y15T49: 15 to 49 years old
UNICEF:GLOBAL_DATAFLOW(1.0): Cross-sector indicators,SDGRC_ECA_SA: (SDGRC) Southern Africa,MNCH_ANC4: Antenatal care 4+ visits - percentage of women (aged 15-49 years) attended at least four times during pregnancy by any provider,_T: Total,2021.0,65.5,0: Units,PCNT: %,RA: Reanalysed,F: Free,,,,,,Population weighted averages calculated by UNICEF using WPP2024 weights,,,EOF: End of fieldwork,,2000-2023,Y15T49: 15 to 49 years old
UNICEF:GLOBAL_DATAFLOW(1.0): Cross-sector indicators,SDGRC_ECA_SA: (SDGRC) Southern Africa,MNCH_ANC4: Antenatal care 4+ visits - percentage of women (aged 15-49 years) attended at least four times during pregnancy by any provider,_T: Total,2022.0,66.1,0: Units,PCNT: %,RA: Reanalysed,F: Free,,,,,,Population weighted averages calculated by UNICEF using WPP2024 weights,,,EOF: End of fieldwork,,2000-2023,Y15T49: 15 to 49 years old
UNICEF:GLOBAL_DATAFLOW(1.0): Cross-sector indicators,SDGRC_ECA_ALL: (SDGRC) United Nations Economic Commission for Africa,MNCH_ANC4: Antenatal care 4+ visits - percentage of women (aged 15-49 years) attended at least four times during pregnancy by any provider,_T: Total,2018.0,55.7,0: Units,PCNT: %,RA: Reanalysed,F: Free,,,,,,Population weighted averages calculated by UNICEF using WPP2024 weights,,,EOF: End of fieldwork,,2000-2023,Y15T49: 15 to 49 years old
UNICEF:GLOBAL_DATAFLOW(1.0): Cross-sector indicators,SDGRC_ECA_ALL: (SDGRC) United Nations Economic Commission for Africa,MNCH_ANC4: Antenatal care 4+ visits - percentage of women (aged 15-49 years) attended at least four times during pregnancy by any provider,_T: Total,2019.0,56.6,0: Units,PCNT: %,RA: Reanalysed,F: Free,,,,,,Population weighted averages calculated by UNICEF using WPP2024 weights,,,EOF: End of fieldwork,,2000-2023,Y15T49: 15 to 49 years old
UNICEF:GLOBAL_DATAFLOW(1.0): Cross-sector indicators,SDGRC_ECA_ALL: (SDGRC) United Nations Economic Commission for Africa,MNCH_ANC4: Antenatal care 4+ visits - percentage of women (aged 15-49 years) attended at least four times during pregnancy by any provider,_T: Total,2020.0,57.5,0: Units,PCNT: %,RA: Reanalysed,F: Free,,,,,,Population weighted averages calculated by UNICEF using WPP2024 weights,,,EOF: End of fieldwork,,2000-2023,Y15T49: 15 to 49 years old
UNICEF:GLOBAL_DATAFLOW(1.0): Cross-sector indicators,SDGRC_ECA_ALL: (SDGRC) United Nations Economic Commission for Africa,MNCH_ANC4: Antenatal care 4+ visits - percentage of women (aged 15-49 years) attended at least four times during pregnancy by any provider,_T: Total,2021.0,58.5,0: Units,PCNT: %,RA: Reanalysed,F: Free,,,,,,Population weighted averages calculated by UNICEF using WPP2024 weights,,,EOF: End of fieldwork,,2000-2023,Y15T49: 15 to 49 years old
UNICEF:GLOBAL_DATAFLOW(1.0): Cross-sector indicators,SDGRC_ECA_ALL: (SDGRC) United Nations Economic Commission for Africa,MNCH_ANC4: Antenatal care 4+ visits - percentage of women (aged 15-49 years) attended at least four times during pregnancy by any provider,_T: Total,2022.0,59.3,0: Units,PCNT: %,RA: Reanalysed,F: Free,,,,,,Population weighted averages calculated by UNICEF using WPP2024 weights,,,EOF: End of fieldwork,,2000-2023,Y15T49: 15 to 49 years old
UNICEF:GLOBAL_DATAFLOW(1.0): Cross-sector indicators,SDGRC_ECA_WA: (SDGRC) West Africa,MNCH_ANC4: Antenatal care 4+ visits - percentage of women (aged 15-49 years) attended at least four times during pregnancy by any provider,_T: Total,2018.0,55.7,0: Units,PCNT: %,RA: Reanalysed,F: Free,,,,,,Population weighted averages calculated by UNICEF using WPP2024 weights,,,EOF: End of fieldwork,,2000-2023,Y15T49: 15 to 49 years old
UNICEF:GLOBAL_DATAFLOW(1.0): Cross-sector indicators,SDGRC_ECA_WA: (SDGRC) West Africa,MNCH_ANC4: Antenatal care 4+ visits - percentage of women (aged 15-49 years) attended at least four times during pregnancy by any provider,_T: Total,2019.0,56.8,0: Units,PCNT: %,RA: Reanalysed,F: Free,,,,,,Population weighted averages calculated by UNICEF using WPP2024 weights,,,EOF: End of fieldwork,,2000-2023,Y15T49: 15 to 49 years old
UNICEF:GLOBAL_DATAFLOW(1.0): Cross-sector indicators,SDGRC_ECA_WA: (SDGRC) West Africa,MNCH_ANC4: Antenatal care 4+ visits - percentage of women (aged 15-49 years) attended at least four times during pregnancy by any provider,_T: Total,2020.0,57.9,0: Units,PCNT: %,RA: Reanalysed,F: Free,,,,,,Population weighted averages calculated by UNICEF using WPP2024 weights,,,EOF: End of fieldwork,,2000-2023,Y15T49: 15 to 49 years old
UNICEF:GLOBAL_DATAFLOW(1.0): Cross-sector indicators,SDGRC_ECA_WA: (SDGRC) West Africa,MNCH_ANC4: Antenatal care 4+ visits - percentage of women (aged 15-49 years) attended at least four times during pregnancy by any provider,_T: Total,2021.0,58.9,0: Units,PCNT: %,RA: Reanalysed,F: Free,,,,,,Population weighted averages calculated by UNICEF using WPP2024 weights,,,EOF: End of fieldwork,,2000-2023,Y15T49: 15 to 49 years old
UNICEF:GLOBAL_DATAFLOW(1.0): Cross-sector indicators,SDGRC_ECA_WA: (SDGRC) West Africa,MNCH_ANC4: Antenatal care 4+ visits - percentage of women (aged 15-49 years) attended at least four times during pregnancy by any provider,_T: Total,2022.0,59.7,0: Units,PCNT: %,RA: Reanalysed,F: Free,,,,,,Population weighted averages calculated by UNICEF using WPP2024 weights,,,EOF: End of fieldwork,,2000-2023,Y15T49: 15 to 49 years old
UNICEF:GLOBAL_DATAFLOW(1.0): Cross-sector indicators,AFG: Afghanistan,MNCH_ANC1: Antenatal care 1+ visit - percentage of women (aged 15-49 years) attended at least once during pregnancy by skilled health personnel,_T: Total,2018.0,65.2,0: Units,PCNT: %,RP: Reported,F: Free,,,,,,Afghanistan Health Survey 2018. Amsterdam: KIT Royal Tropical Institute; 2018.,,,EOF: End of fieldwork,,2003-2023,Y15T49: 15 to 49 years old
UNICEF:GLOBAL_DATAFLOW(1.0): Cross-sector indicators,AFG: Afghanistan,MNCH_ANC4: Antenatal care 4+ visits - percentage of women (aged 15-49 years) attended at least four times during pregnancy by any provider,_T: Total,2018.0,20.9,0: Units,PCNT: %,RP: Reported,F: Free,,,,,,Afghanistan Health Survey 2018. Amsterdam: KIT Royal Tropical Institute; 2018.,,,EOF: End of fieldwork,,2010-2023,Y15T49: 15 to 49 years old
UNICEF:GLOBAL_DATAFLOW(1.0): Cross-sector indicators,AFG: Afghanistan,MNCH_ANC4: Antenatal care 4+ visits - percentage of women (aged 15-49 years) attended at least four times during pregnancy by any provider,_T: Total,2020.0,27.6,0: Units,PCNT: %,RP: Reported,F: Free,,,,,,Afghanistan 2019-2020 Income; Expenditure & Labour Force Survey; National Statistics and Information Authority,,,EOF: End of fieldwork,,2010-2023,Y15T49: 15 to 49 years old
UNICEF:GLOBAL_DATAFLOW(1.0): Cross-sector indicators,WHO_AFRO: Africa,MNCH_ANC4: Antenatal care 4+ visits - percentage of women (aged 15-49 years) attended at least four times during pregnancy by any provider,_T: Total,2018.0,54.3,0: Units,PCNT: %,RA: Reanalysed,F: Free,,,,,,Population weighted averages calculated by UNICEF using WPP2024 weights,,,EOF: End of fieldwork,,2018,Y15T49: 15 to 49 years old
UNICEF:GLOBAL_DATAFLOW(1.0): Cross-sector indicators,WHO_AFRO: Africa,MNCH_ANC4: Antenatal care 4+ visits - percentage of women (aged 15-49 years) attended at least four times during pregnancy by any provider,_T: Total,2019.0,55.3,0: Units,PCNT: %,RA: Reanalysed,F: Free,,,,,,Population weighted averages calculated by UNICEF using WPP2024 weights,,,EOF: End of fieldwork,,2019,Y15T49: 15 to 49 years old
UNICEF:GLOBAL_DATAFLOW(1.0): Cross-sector indicators,WHO_AFRO: Africa,MNCH_ANC4: Antenatal care 4+ visits - percentage of women (aged 15-49 years) attended at least four times during pregnancy by any provider,_T: Total,2020.0,56.2,0: Units,PCNT: %,RA: Reanalysed,F: Free,,,,,,Population weighted averages calculated by UNICEF using WPP2024 weights,,,EOF: End of fieldwork,,2020,Y15T49: 15 to 49 years old
UNICEF:GLOBAL_DATAFLOW(1.0): Cross-sector indicators,WHO_AFRO: Africa,MNCH_ANC4: Antenatal care 4+ visits - percentage of women (aged 15-49 years) attended at least four times during pregnancy by any provider,_T: Total,2021.0,57.3,0: Units,PCNT: %,RA: Reanalysed,F: Free,,,,,,Population weighted averages calculated by UNICEF using WPP2024 weights,,,EOF: End of fieldwork,,2021,Y15T49: 15 to 49 years old
UNICEF:GLOBAL_DATAFLOW(1.0): Cross-sector indicators,WHO_AFRO: Africa,MNCH_ANC4: Antenatal care 4+ visits - percentage of women (aged 15-49 years) attended at least four times during pregnancy by any provider,_T: Total,2022.0,58.1,0: Units,PCNT: %,RA: Reanalysed,F: Free,,,,,,Population weighted averages calculated by UNICEF using WPP2024 weights,,,EOF: End of fieldwork,,2022,Y15T49: 15 to 49 years old
UNICEF:GLOBAL_DATAFLOW(1.0): Cross-sector indicators,AU_AFRICA: African Union,MNCH_ANC4: Antenatal care 4+ visits - percentage of women (aged 15-49 years) attended at least four times during pregnancy by any provider,_T: Total,2018.0,55.7,0: Units,PCNT: %,RA: Reanalysed,F: Free,,,,,,Population weighted averages calculated by UNICEF using WPP2024 weights,,,EOF: End of fieldwork,,2000-2023,Y15T49: 15 to 49 years old
UNICEF:GLOBAL_DATAFLOW(1.0): Cross-sector indicators,AU_AFRICA: African Union,MNCH_ANC4: Antenatal care 4+ visits - percentage of women (aged 15-49 years) attended at least four times during pregnancy by any provider,_T: Total,2019.0,56.6,0: Units,PCNT: %,RA: Reanalysed,F: Free,,,,,,Population weighted averages calculated by UNICEF using WPP2024 weights,,,EOF: End of fieldwork,,2000-2023,Y15T49: 15 to 49 years old
UNICEF:GLOBAL_DATAFLOW(1.0): Cross-sector indicators,AU_AFRICA: African Union,MNCH_ANC4: Antenatal care 4+ visits - percentage of women (aged 15-49 years) attended at least four times during pregnancy by any provider,_T: Total,2020.0,57.5,0: Units,PCNT: %,RA: Reanalysed,F: Free,,,,,,Population weighted averages calculated by UNICEF using WPP2024 weights,,,EOF: End of fieldwork,,2000-2023,Y15T49: 15 to 49 years old
UNICEF:GLOBAL_DATAFLOW(1.0): Cross-sector indicators,AU_AFRICA: African Union,MNCH_ANC4: Antenatal care 4+ visits - percentage of women (aged 15-49 years) attended at least four times during pregnancy by any provider,_T: Total,2021.0,58.5,0: Units,PCNT: %,RA: Reanalysed,F: Free,,,,,,Population weighted averages calculated by UNICEF using WPP2024 weights,,,EOF: End of fieldwork,,2000-2023,Y15T49: 15 to 49 years old
UNICEF:GLOBAL_DATAFLOW(1.0): Cross-sector indicators,AU_AFRICA: African Union,MNCH_ANC4: Antenatal care 4+ visits - percentage of women (aged 15-49 years) attended at least four times during pregnancy by any provider,_T: Total,2022.0,59.3,0: Units,PCNT: %,RA: Reanalysed,F: Free,,,,,,Population weighted averages calculated by UNICEF using WPP2024 weights,,,EOF: End of fieldwork,,2000-2023,Y15T49: 15 to 49 years old
UNICEF:GLOBAL_DATAFLOW(1.0): Cross-sector indicators,ALB: Albania,MNCH_ANC1: Antenatal care 1+ visit - percentage of women (aged 15-49 years) attended at least once during pregnancy by skilled health personnel,_T: Total,2018.0,88.4,0: Units,PCNT: %,RP: Reported,F: Free,,,,,,Demographic and Health Survey 2017-2018,,,EOF: End of fieldwork,,2000-2018,Y15T49: 15 to 49 years old
UNICEF:GLOBAL_DATAFLOW(1.0): Cross-sector indicators,ALB: Albania,MNCH_ANC4: Antenatal care 4+ visits - percentage of women (aged 15-49 years) attended at least four times during pregnancy by any provider,_T: Total,2018.0,77.8,0: Units,PCNT: %,RP: Reported,F: Free,,,,,,Demographic and Health Survey 2017-2018,,,EOF: End of fieldwork,,2002-2018,Y15T49: 15 to 49 years old
UNICEF:GLOBAL_DATAFLOW(1.0): Cross-sector indicators,DZA: Algeria,MNCH_ANC1: Antenatal care 1+ visit - percentage of women (aged 15-49 years) attended at least once during pregnancy by skilled health personnel,_T: Total,2019.0,95.3,0: Units,PCNT: %,RP: Reported,F: Free,,,,,,Multiple Indicator Cluster Survey 2018-2019,,,EOF: End of fieldwork,,2000-2019,Y15T49: 15 to 49 years old
UNICEF:GLOBAL_DATAFLOW(1.0): Cross-sector indicators,DZA: Algeria,MNCH_ANC4: Antenatal care 4+ visits - percentage of women (aged 15-49 years) attended at least four times during pregnancy by any provider,_T: Total,2019.0,69.8,0: Units,PCNT: %,RP: Reported,F: Free,,,,,,Multiple Indicator Cluster Survey 2018-2019,,,EOF: End of fieldwork,,2013-2019,Y15T49: 15 to 49 years old
UNICEF:GLOBAL_DATAFLOW(1.0): Cross-sector indicators,WHO_AMRO: Americas,MNCH_ANC4: Antenatal care 4+ visits - percentage of women (aged 15-49 years) attended at least four times during pregnancy by any provider,_T: Total,2018.0,93.1,0: Units,PCNT: %,RA: Reanalysed,F: Free,,,,,,Population weighted averages calculated by UNICEF using WPP2024 weights,,,EOF: End of fieldwork,,2018,Y15T49: 15 to 49 years old
UNICEF:GLOBAL_DATAFLOW(1.0): Cross-sector indicators,WHO_AMRO: Americas,MNCH_ANC4: Antenatal care 4+ visits - percentage of women (aged 15-49 years) attended at least four times during pregnancy by any provider,_T: Total,2019.0,93.4,0: Units,PCNT: %,RA: Reanalysed,F: Free,,,,,,Population weighted averages calculated by UNICEF using WPP2024 weights,,,EOF: End of fieldwork,,2019,Y15T49: 15 to 49 years old
UNICEF:GLOBAL_DATAFLOW(1.0): Cross-sector indicators,WHO_AMRO: Americas,MNCH_ANC4: Antenatal care 4+ visits - percentage of women (aged 15-49 years) attended at least four times during pregnancy by any provider,_T: Total,2020.0,93.7,0: Units,PCNT: %,RA: Reanalysed,F: Free,,,,,,Population weighted averages calculated by UNICEF using WPP2024 weights,,,EOF: End of fieldwork,,2020,Y15T49: 15 to 49 years old
UNICEF:GLOBAL_DATAFLOW(1.0): Cross-sector indicators,WHO_AMRO: Americas,MNCH_ANC4: Antenatal care 4+ visits - percentage of women (aged 15-49 years) attended at least four times during pregnancy by any provider,_T: Total,2021.0,94.1,0: Units,PCNT: %,RA: Reanalysed,F: Free,,,,,,Population weighted averages calculated by UNICEF using WPP2024 weights,,,EOF: End of fieldwork,,2021,Y15T49: 15 to 49 years old
UNICEF:GLOBAL_DATAFLOW(1.0): Cross-sector indicators,WHO_AMRO: Americas,MNCH_ANC4: Antenatal care 4+ visits - percentage of women (aged 15-49 years) attended at least four times during pregnancy by any provider,_T: Total,2022.0,94.4,0: Units,PCNT: %,RA: Reanalysed,F: Free,,,,,,Population weighted averages calculated by UNICEF using WPP2024 weights,,,EOF: End of fieldwork,,2022,Y15T49: 15 to 49 years old
UNICEF:GLOBAL_DATAFLOW(1.0): Cross-sector indicators,AUREC_AMU: Arab Maghreb Union (AMU),MNCH_ANC4: Antenatal care 4+ visits - percentage of women (aged 15-49 years) attended at least four times during pregnancy by any provider,_T: Total,2018.0,66.1,0: Units,PCNT: %,RA: Reanalysed,F: Free,,,,,,Population weighted averages calculated by UNICEF using WPP2024 weights,,,EOF: End of fieldwork,,2000-2023,Y15T49: 15 to 49 years old
UNICEF:GLOBAL_DATAFLOW(1.0): Cross-sector indicators,AUREC_AMU: Arab Maghreb Union (AMU),MNCH_ANC4: Antenatal care 4+ visits - percentage of women (aged 15-49 years) attended at least four times during pregnancy by any provider,_T: Total,2019.0,67,0: Units,PCNT: %,RA: Reanalysed,F: Free,,,,,,Population weighted averages calculated by UNICEF using WPP2024 weights,,,EOF: End of fieldwork,,2000-2023,Y15T49: 15 to 49 years old
UNICEF:GLOBAL_DATAFLOW(1.0): Cross-sector indicators,AUREC_AMU: Arab Maghreb Union (AMU),MNCH_ANC4: Antenatal care 4+ visits - percentage of women (aged 15-49 years) attended at least four times during pregnancy by any provider,_T: Total,2020.0,68.2,0: Units,PCNT: %,RA: Reanalysed,F: Free,,,,,,Population weighted averages calculated by UNICEF using WPP2024 weights,,,EOF: End of fieldwork,,2000-2023,Y15T49: 15 to 49 years old
UNICEF:GLOBAL_DATAFLOW(1.0): Cross-sector indicators,AUREC_AMU: Arab Maghreb Union (AMU),MNCH_ANC4: Antenatal care 4+ visits - percentage of women (aged 15-49 years) attended at least four times during pregnancy by any provider,_T: Total,2021.0,69.3,0: Units,PCNT: %,RA: Reanalysed,F: Free,,,,,,Population weighted averages calculated by UNICEF using WPP2024 weights,,,EOF: End of fieldwork,,2000-2023,Y15T49: 15 to 49 years old
UNICEF:GLOBAL_DATAFLOW(1.0): Cross-sector indicators,AUREC_AMU: Arab Maghreb Union (AMU),MNCH_ANC4: Antenatal care 4+ visits - percentage of women (aged 15-49 years) attended at least four times during pregnancy by any provider,_T: Total,2022.0,70.6,0: Units,PCNT: %,RA: Reanalysed,F: Free,,,,,,Population weighted averages calculated by UNICEF using WPP2024 weights,,,EOF: End of fieldwork,,2000-2023,Y15T49: 15 to 49 years old
UNICEF:GLOBAL_DATAFLOW(1.0): Cross-sector indicators,UNFPA_AS: Arab States,MNCH_ANC4: Antenatal care 4+ visits - percentage of women (aged 15-49 years) attended at least four times during pregnancy by any provider,_T: Total,2018.0,64,0: Units,PCNT: %,RA: Reanalysed,F: Free,,,,,,Population weighted averages calculated by UNICEF using WPP2024 weights,,,EOF: End of fieldwork,,2018,Y15T49: 15 to 49 years old
UNICEF:GLOBAL_DATAFLOW(1.0): Cross-sector indicators,UNFPA_AS: Arab States,MNCH_ANC4: Antenatal care 4+ visits - percentage of women (aged 15-49 years) attended at least four times during pregnancy by any provider,_T: Total,2019.0,64.6,0: Units,PCNT: %,RA: Reanalysed,F: Free,,,,,,Population weighted averages calculated by UNICEF using WPP2024 weights,,,EOF: End of fieldwork,,2019,Y15T49: 15 to 49 years old
UNICEF:GLOBAL_DATAFLOW(1.0): Cross-sector indicators,UNFPA_AS: Arab States,MNCH_ANC4: Antenatal care 4+ visits - percentage of women (aged 15-49 years) attended at least four times during pregnancy by any provider,_T: Total,2020.0,65.4,0: Units,PCNT: %,RA: Reanalysed,F: Free,,,,,,Population weighted averages calculated by UNICEF using WPP2024 weights,,,EOF: End of fieldwork,,2020,Y15T49: 15 to 49 years old
UNICEF:GLOBAL_DATAFLOW(1.0): Cross-sector indicators,UNFPA_AS: Arab States,MNCH_ANC4: Antenatal care 4+ visits - percentage of women (aged 15-49 years) attended at least four times during pregnancy by any provider,_T: Total,2021.0,66,0: Units,PCNT: %,RA: Reanalysed,F: Free,,,,,,Population weighted averages calculated by UNICEF using WPP2024 weights,,,EOF: End of fieldwork,,2021,Y15T49: 15 to 49 years old
UNICEF:GLOBAL_DATAFLOW(1.0): Cross-sector indicators,UNFPA_AS: Arab States,MNCH_ANC4: Antenatal care 4+ visits - percentage of women (aged 15-49 years) attended at least four times during pregnancy by any provider,_T: Total,2022.0,66.9,0: Units,PCNT: %,RA: Reanalysed,F: Free,,,,,,Population weighted averages calculated by UNICEF using WPP2024 weights,,,EOF: End of fieldwork,,2022,Y15T49: 15 to 49 years old
UNICEF:GLOBAL_DATAFLOW(1.0): Cross-sector indicators,ARG: Argentina,MNCH_ANC1: Antenatal care 1+ visit - percentage of women (aged 15-49 years) attended at least once during pregnancy by skilled health personnel,_T: Total,2020.0,95,0: Units,PCNT: %,RP: Reported,F: Free,,,,,,Multiple Indicator Cluster Survey 2019-2020,,,EOF: End of fieldwork,,2001-2020,Y15T49: 15 to 49 years old
UNICEF:GLOBAL_DATAFLOW(1.0): Cross-sector indicators,ARG: Argentina,MNCH_ANC4: Antenatal care 4+ visits - percentage of women (aged 15-49 years) attended at least four times during pregnancy by any provider,_T: Total,2020.0,90.4,0: Units,PCNT: %,RP: Reported,F: Free,,,,,,Multiple Indicator Cluster Survey 2019-2020,,,EOF: End of fieldwork,,2005-2020,Y15T49: 15 to 49 years old
UNICEF:GLOBAL_DATAFLOW(1.0): Cross-sector indicators,UNFPA_AP: Asia and the Pacific,MNCH_ANC4: Antenatal care 4+ visits - percentage of women (aged 15-49 years) attended at least four times during pregnancy by any provider,_T: Total,2018.0,67.5,0: Units,PCNT: %,RA: Reanalysed,F: Free,,,,,,Population weighted averages calculated by UNICEF using WPP2024 weights,,,EOF: End of fieldwork,,2018,Y15T49: 15 to 49 years old
UNICEF:GLOBAL_DATAFLOW(1.0): Cross-sector indicators,UNFPA_AP: Asia and the Pacific,MNCH_ANC4: Antenatal care 4+ visits - percentage of women (aged 15-49 years) attended at least four times during pregnancy by any provider,_T: Total,2019.0,68.4,0: Units,PCNT: %,RA: Reanalysed,F: Free,,,,,,Population weighted averages calculated by UNICEF using WPP2024 weights,,,EOF: End of fieldwork,,2019,Y15T49: 15 to 49 years old
UNICEF:GLOBAL_DATAFLOW(1.0): Cross-sector indicators,UNFPA_AP: Asia and the Pacific,MNCH_ANC4: Antenatal care 4+ visits - percentage of women (aged 15-49 years) attended at least four times during pregnancy by any provider,_T: Total,2020.0,68.4,0: Units,PCNT: %,RA: Reanalysed,F: Free,,,,,,Population weighted averages calculated by UNICEF using WPP2024 weights,,,EOF: End of fieldwork,,2020,Y15T49: 15 to 49 years old
UNICEF:GLOBAL_DATAFLOW(1.0): Cross-sector indicators,UNFPA_AP: Asia and the Pacific,MNCH_ANC4: Antenatal care 4+ visits - percentage of women (aged 15-49 years) attended at least four times during pregnancy by any provider,_T: Total,2021.0,68.8,0: Units,PCNT: %,RA: Reanalysed,F: Free,,,,,,Population weighted averages calculated by UNICEF using WPP2024 weights,,,EOF: End of fieldwork,,2021,Y15T49: 15 to 49 years old
UNICEF:GLOBAL_DATAFLOW(1.0): Cross-sector indicators,UNFPA_AP: Asia and the Pacific,MNCH_ANC4: Antenatal care 4+ visits - percentage of women (aged 15-49 years) attended at least four times during pregnancy by any provider,_T: Total,2022.0,69.3,0: Units,PCNT: %,RA: Reanalysed,F: Free,,,,,,Population weighted averages calculated by UNICEF using WPP2024 weights,,,EOF: End of fieldwork,,2022,Y15T49: 15 to 49 years old
UNICEF:GLOBAL_DATAFLOW(1.0): Cross-sector indicators,BGD: Bangladesh,MNCH_ANC1: Antenatal care 1+ visit - percentage of women (aged 15-49 years) attended at least once during pregnancy by skilled health personnel,_T: Total,2018.0,81.9,0: Units,PCNT: %,RP: Reported,F: Free,,,,,,Demographic and Health Survey 2017-2018,,,EOF: End of fieldwork,,2000-2022,Y15T49: 15 to 49 years old
UNICEF:GLOBAL_DATAFLOW(1.0): Cross-sector indicators,BGD: Bangladesh,MNCH_ANC1: Antenatal care 1+ visit - percentage of women (aged 15-49 years) attended at least once during pregnancy by skilled health personnel,_T: Total,2019.0,75.2,0: Units,PCNT: %,RP: Reported,F: Free,,,,,,Multiple Indicator Cluster Survey 2019,,,EOF: End of fieldwork,,2000-2022,Y15T49: 15 to 49 years old
UNICEF:GLOBAL_DATAFLOW(1.0): Cross-sector indicators,BGD: Bangladesh,MNCH_ANC1: Antenatal care 1+ visit - percentage of women (aged 15-49 years) attended at least once during pregnancy by skilled health personnel,_T: Total,2022.0,87.6,0: Units,PCNT: %,RP: Reported,F: Free,,,,,,Demographic and Health Surveys (DHS),Statcompiler data extracted for:BD2022DHS,,EOF: End of fieldwork,,2000-2022,Y15T49: 15 to 49 years old
UNICEF:GLOBAL_DATAFLOW(1.0): Cross-sector indicators,BGD: Bangladesh,MNCH_ANC4: Antenatal care 4+ visits - percentage of women (aged 15-49 years) attended at least four times during pregnancy by any provider,_T: Total,2018.0,47,0: Units,PCNT: %,RP: Reported,F: Free,,,,,,Demographic and Health Survey 2017-2018,,,EOF: End of fieldwork,,2000-2022,Y15T49: 15 to 49 years old
UNICEF:GLOBAL_DATAFLOW(1.0): Cross-sector indicators,BGD: Bangladesh,MNCH_ANC4: Antenatal care 4+ visits - percentage of women (aged 15-49 years) attended at least four times during pregnancy by any provider,_T: Total,2019.0,36.9,0: Units,PCNT: %,RP: Reported,F: Free,,,,,,Multiple Indicator Cluster Survey 2019,,,EOF: End of fieldwork,,2000-2022,Y15T49: 15 to 49 years old
UNICEF:GLOBAL_DATAFLOW(1.0): Cross-sector indicators,BGD: Bangladesh,MNCH_ANC4: Antenatal care 4+ visits - percentage of women (aged 15-49 years) attended at least four times during pregnancy by any provider,_T: Total,2022.0,38.3,0: Units,PCNT: %,RP: Reported,F: Free,,,,,,Demographic and Household Survey 2022,,,EOF: End of fieldwork,,2000-2022,Y15T49: 15 to 49 years old
UNICEF:GLOBAL_DATAFLOW(1.0): Cross-sector indicators,BLR: Belarus,MNCH_ANC1: Antenatal care 1+ visit - percentage of women (aged 15-49 years) attended at least once during pregnancy by skilled health personnel,_T: Total,2019.0,99.9,0: Units,PCNT: %,RP: Reported,F: Free,,,,,,Multiple Indicator Cluster Survey 2019,,,EOF: End of fieldwork,,2005-2019,Y15T49: 15 to 49 years old
UNICEF:GLOBAL_DATAFLOW(1.0): Cross-sector indicators,BLR: Belarus,MNCH_ANC4: Antenatal care 4+ visits - percentage of women (aged 15-49 years) attended at least four times during pregnancy by any provider,_T: Total,2019.0,99.9,0: Units,PCNT: %,RP: Reported,F: Free,,,,,,Multiple Indicator Cluster Survey 2019,,,EOF: End of fieldwork,,2012-2019,Y15T49: 15 to 49 years old
UNICEF:GLOBAL_DATAFLOW(1.0): Cross-sector indicators,BEN: Benin,MNCH_ANC1: Antenatal care 1+ visit - percentage of women (aged 15-49 years) attended at least once during pregnancy by skilled health personnel,_T: Total,2018.0,83.2,0: Units,PCNT: %,RP: Reported,F: Free,,,,,,Demographic and Health Survey 2017-2018,,,EOF: End of fieldwork,,2001-2022,Y15T49: 15 to 49 years old
UNICEF:GLOBAL_DATAFLOW(1.0): Cross-sector indicators,BEN: Benin,MNCH_ANC1: Antenatal care 1+ visit - percentage of women (aged 15-49 years) attended at least once during pregnancy by skilled health personnel,_T: Total,2022.0,78.1,0: Units,PCNT: %,RP: Reported,F: Free,,,,,,Multiple Indicator Cluster Survey 2021-2022,,,EOF: End of fieldwork,,2001-2022,Y15T49: 15 to 49 years old
UNICEF:GLOBAL_DATAFLOW(1.0): Cross-sector indicators,BEN: Benin,MNCH_ANC4: Antenatal care 4+ visits - percentage of women (aged 15-49 years) attended at least four times during pregnancy by any provider,_T: Total,2018.0,52.1,0: Units,PCNT: %,RP: Reported,F: Free,,,,,,Demographic and Health Survey 2017-2018,,,EOF: End of fieldwork,,2001-2022,Y15T49: 15 to 49 years old
UNICEF:GLOBAL_DATAFLOW(1.0): Cross-sector indicators,BEN: Benin,MNCH_ANC4: Antenatal care 4+ visits - percentage of women (aged 15-49 years) attended at least four times during pregnancy by any provider,_T: Total,2022.0,52.6,0: Units,PCNT: %,RP: Reported,F: Free,,,,,,MICS 2021-2022,,,EOF: End of fieldwork,,2001-2022,Y15T49: 15 to 49 years old
UNICEF:GLOBAL_DATAFLOW(1.0): Cross-sector indicators,BEN: Benin,MNCH_IPTP: IPTp for pregnant women - percentage of women (aged 15-49 years) who received three or more doses of intermittent preventive treatment during antenatal care visits during their last pregnancy,_T: Total,2018.0,13.3,0: Units,PCNT: %,RP: Reported,F: Free,,,,,,Demographic and Health Survey 2017-2018,,,EOF: End of fieldwork,,2012-2022,Y15T49: 15 to 49 years old
UNICEF:GLOBAL_DATAFLOW(1.0): Cross-sector indicators,BEN: Benin,MNCH_IPTP: IPTp for pregnant women - percentage of women (aged 15-49 years) who received three or more doses of intermittent preventive treatment during antenatal care visits during their last pregnancy,_T: Total,2022.0,30.2,0: Units,PCNT: %,RP: Reported,F: Free,,,,,,Multiple Indicator Cluster Survey 2021-2022,,,EOF: End of fieldwork,,2012-2022,Y15T49: 15 to 49 years old
UNICEF:GLOBAL_DATAFLOW(1.0): Cross-sector indicators,BRA: Brazil,MNCH_ANC4: Antenatal care 4+ visits - percentage of women (aged 15-49 years) attended at least four times during pregnancy by any provider,_T: Total,2018.0,92.3,0: Units,PCNT: %,RP: Reported,F: Free,,,,,,Brazil Live Birth Information System (SINASC); Ministry of Health [Brazil]; 2021,,,EOF: End of fieldwork,,2000-2021,Y15T49: 15 to 49 years old
UNICEF:GLOBAL_DATAFLOW(1.0): Cross-sector indicators,BRA: Brazil,MNCH_ANC4: Antenatal care 4+ visits - percentage of women (aged 15-49 years) attended at least four times during pregnancy by any provider,_T: Total,2019.0,92.7,0: Units,PCNT: %,RP: Reported,F: Free,,,,,,Brazil Live Birth Information System (SINASC); Ministry of Health [Brazil]; 2021,,,EOF: End of fieldwork,,2000-2021,Y15T49: 15 to 49 years old
UNICEF:GLOBAL_DATAFLOW(1.0): Cross-sector indicators,BRA: Brazil,MNCH_ANC4: Antenatal care 4+ visits - percentage of women (aged 15-49 years) attended at least four times during pregnancy by any provider,_T: Total,2020.0,92.2,0: Units,PCNT: %,RP: Reported,F: Free,,,,,,Brazil Live Birth Information System (SINASC); Ministry of Health [Brazil]; 2022,,,EOF: End of fieldwork,,2000-2021,Y15T49: 15 to 49 years old
UNICEF:GLOBAL_DATAFLOW(1.0): Cross-sector indicators,BRA: Brazil,MNCH_ANC4: Antenatal care 4+ visits - percentage of women (aged 15-49 years) attended at least four times during pregnancy by any provider,_T: Total,2021.0,92.3,0: Units,PCNT: %,RP: Reported,F: Free,,,,,,Brazil Live Birth Information System (SINASC); Ministry of Health [Brazil]; 2023(2659187 total of births of women (aged 15-49 years) and 2456041 with 4+ antenatal care visits),,,EOF: End of fieldwork,,2000-2021,Y15T49: 15 to 49 years old
UNICEF:GLOBAL_DATAFLOW(1.0): Cross-sector indicators,BFA: Burkina Faso,MNCH_ANC1: Antenatal care 1+ visit - percentage of women (aged 15-49 years) attended at least once during pregnancy by skilled health personnel,_T: Total,2021.0,98.3,0: Units,PCNT: %,RP: Reported,F: Free,,,,,,Demographic and Health Survey 2021,,,EOF: End of fieldwork,,2003-2021,Y15T49: 15 to 49 years old
UNICEF:GLOBAL_DATAFLOW(1.0): Cross-sector indicators,BFA: Burkina Faso,MNCH_ANC4: Antenatal care 4+ visits - percentage of women (aged 15-49 years) attended at least four times during pregnancy by any provider,_T: Total,2021.0,72.1,0: Units,PCNT: %,RP: Reported,F: Free,,,,,,Demographic and Health Survey 2021,Statcompiler,,EOF: End of fieldwork,,2003-2021,Y15T49: 15 to 49 years old
UNICEF:GLOBAL_DATAFLOW(1.0): Cross-sector indicators,BFA: Burkina Faso,MNCH_IPTP: IPTp for pregnant women - percentage of women (aged 15-49 years) who received three or more doses of intermittent preventive treatment during antenatal care visits during their last pregnancy,_T: Total,2018.0,57.7,0: Units,PCNT: %,RP: Reported,F: Free,,,,,,Malaria Indicator Survey 2017-2018,,,EOF: End of fieldwork,,2010-2021,Y15T49: 15 to 49 years old
UNICEF:GLOBAL_DATAFLOW(1.0): Cross-sector indicators,BFA: Burkina Faso,MNCH_IPTP: IPTp for pregnant women - percentage of women (aged 15-49 years) who received three or more doses of intermittent preventive treatment during antenatal care visits during their last pregnancy,_T: Total,2021.0,56.7,0: Units,PCNT: %,RP: Reported,F: Free,,,,,,Demographic and Health Survey 2021,,,EOF: End of fieldwork,,2010-2021,Y15T49: 15 to 49 years old
UNICEF:GLOBAL_DATAFLOW(1.0): Cross-sector indicators,CPV: Cabo Verde,MNCH_ANC1: Antenatal care 1+ visit - percentage of women (aged 15-49 years) attended at least once during pregnancy by skilled health personnel,_T: Total,2018.0,98.8,0: Units,PCNT: %,RP: Reported,F: Free,,,,,,Demographic and Reproductive Health Survey (IDSR-III) 2018 (Preliminary results),,,EOF: End of fieldwork,,2005-2018,Y15T49: 15 to 49 years old
UNICEF:GLOBAL_DATAFLOW(1.0): Cross-sector indicators,CPV: Cabo Verde,MNCH_ANC4: Antenatal care 4+ visits - percentage of women (aged 15-49 years) attended at least four times during pregnancy by any provider,_T: Total,2018.0,85.6,0: Units,PCNT: %,RP: Reported,F: Free,,,,,,Inquérito Demográfico ede Saúde Reprodutiva 2018,,,EOF: End of fieldwork,,2005-2018,Y15T49: 15 to 49 years old
UNICEF:GLOBAL_DATAFLOW(1.0): Cross-sector indicators,KHM: Cambodia,MNCH_ANC1: Antenatal care 1+ visit - percentage of women (aged 15-49 years) attended at least once during pregnancy by skilled health personnel,_T: Total,2022.0,98.7,0: Units,PCNT: %,RP: Reported,F: Free,,,,,,2021-22 Demographic and Health Survey,Statcompiler,,EOF: End of fieldwork,,2000-2022,Y15T49: 15 to 49 years old
UNICEF:GLOBAL_DATAFLOW(1.0): Cross-sector indicators,KHM: Cambodia,MNCH_ANC4: Antenatal care 4+ visits - percentage of women (aged 15-49 years) attended at least four times during pregnancy by any provider,_T: Total,2022.0,86,0: Units,PCNT: %,RP: Reported,F: Free,,,,,,DHS 2021-2022,,,EOF: End of fieldwork,,2000-2022,Y15T49: 15 to 49 years old
UNICEF:GLOBAL_DATAFLOW(1.0): Cross-sector indicators,CMR: Cameroon,MNCH_ANC1: Antenatal care 1+ visit - percentage of women (aged 15-49 years) attended at least once during pregnancy by skilled health personnel,_T: Total,2018.0,87,0: Units,PCNT: %,RP: Reported,F: Free,,,,,,Demographic and Health Survey 2018,,,EOF: End of fieldwork,,2000-2018,Y15T49: 15 to 49 years old
UNICEF:GLOBAL_DATAFLOW(1.0): Cross-sector indicators,CMR: Cameroon,MNCH_ANC4: Antenatal care 4+ visits - percentage of women (aged 15-49 years) attended at least four times during pregnancy by any provider,_T: Total,2018.0,64.9,0: Units,PCNT: %,RP: Reported,F: Free,,,,,,Demographic and Health Survey 2018,,,EOF: End of fieldwork,,2004-2018,Y15T49: 15 to 49 years old
UNICEF:GLOBAL_DATAFLOW(1.0): Cross-sector indicators,CMR: Cameroon,MNCH_IPTP: IPTp for pregnant women - percentage of women (aged 15-49 years) who received three or more doses of intermittent preventive treatment during antenatal care visits during their last pregnancy,_T: Total,2018.0,31.2,0: Units,PCNT: %,RP: Reported,F: Free,,,,,,Demographic and Health Survey 2018,Statcompiler,,EOF: End of fieldwork,,2011-2018,Y15T49: 15 to 49 years old
UNICEF:GLOBAL_DATAFLOW(1.0): Cross-sector indicators,UNSDG_CARIBBEAN: Caribbean,MNCH_ANC4: Antenatal care 4+ visits - percentage of women (aged 15-49 years) attended at least four times during pregnancy by any provider,_T: Total,2018.0,84.2,0: Units,PCNT: %,RA: Reanalysed,F: Free,,,,,,Population weighted averages calculated by UNICEF using WPP2024 weights,,,EOF: End of fieldwork,,2018,Y15T49: 15 to 49 years old
UNICEF:GLOBAL_DATAFLOW(1.0): Cross-sector indicators,UNSDG_CARIBBEAN: Caribbean,MNCH_ANC4: Antenatal care 4+ visits - percentage of women (aged 15-49 years) attended at least four times during pregnancy by any provider,_T: Total,2019.0,84.6,0: Units,PCNT: %,RA: Reanalysed,F: Free,,,,,,Population weighted averages calculated by UNICEF using WPP2024 weights,,,EOF: End of fieldwork,,2019,Y15T49: 15 to 49 years old
UNICEF:GLOBAL_DATAFLOW(1.0): Cross-sector indicators,UNSDG_CARIBBEAN: Caribbean,MNCH_ANC4: Antenatal care 4+ visits - percentage of women (aged 15-49 years) attended at least four times during pregnancy by any provider,_T: Total,2020.0,85.1,0: Units,PCNT: %,RA: Reanalysed,F: Free,,,,,,Population weighted averages calculated by UNICEF using WPP2024 weights,,,EOF: End of fieldwork,,2020,Y15T49: 15 to 49 years old
UNICEF:GLOBAL_DATAFLOW(1.0): Cross-sector indicators,UNSDG_CARIBBEAN: Caribbean,MNCH_ANC4: Antenatal care 4+ visits - percentage of women (aged 15-49 years) attended at least four times during pregnancy by any provider,_T: Total,2021.0,85.6,0: Units,PCNT: %,RA: Reanalysed,F: Free,,,,,,Population weighted averages calculated by UNICEF using WPP2024 weights,,,EOF: End of fieldwork,,2021,Y15T49: 15 to 49 years old
UNICEF:GLOBAL_DATAFLOW(1.0): Cross-sector indicators,UNSDG_CARIBBEAN: Caribbean,MNCH_ANC4: Antenatal care 4+ visits - percentage of women (aged 15-49 years) attended at least four times during pregnancy by any provider,_T: Total,2022.0,86.1,0: Units,PCNT: %,RA: Reanalysed,F: Free,,,,,,Population weighted averages calculated by UNICEF using WPP2024 weights,,,EOF: End of fieldwork,,2022,Y15T49: 15 to 49 years old
UNICEF:GLOBAL_DATAFLOW(1.0): Cross-sector indicators,AU_CENTRAL_AFRICA: Central Africa (African Union),MNCH_ANC4: Antenatal care 4+ visits - percentage of women (aged 15-49 years) attended at least four times during pregnancy by any provider,_T: Total,2018.0,47.6,0: Units,PCNT: %,RA: Reanalysed,F: Free,,,,,,Population weighted averages calculated by UNICEF using WPP2024 weights,,,EOF: End of fieldwork,,2000-2023,Y15T49: 15 to 49 years old
UNICEF:GLOBAL_DATAFLOW(1.0): Cross-sector indicators,AU_CENTRAL_AFRICA: Central Africa (African Union),MNCH_ANC4: Antenatal care 4+ visits - percentage of women (aged 15-49 years) attended at least four times during pregnancy by any provider,_T: Total,2019.0,48,0: Units,PCNT: %,RA: Reanalysed,F: Free,,,,,,Population weighted averages calculated by UNICEF using WPP2024 weights,,,EOF: End of fieldwork,,2000-2023,Y15T49: 15 to 49 years old
UNICEF:GLOBAL_DATAFLOW(1.0): Cross-sector indicators,AU_CENTRAL_AFRICA: Central Africa (African Union),MNCH_ANC4: Antenatal care 4+ visits - percentage of women (aged 15-49 years) attended at least four times during pregnancy by any provider,_T: Total,2020.0,48.5,0: Units,PCNT: %,RA: Reanalysed,F: Free,,,,,,Population weighted averages calculated by UNICEF using WPP2024 weights,,,EOF: End of fieldwork,,2000-2023,Y15T49: 15 to 49 years old
UNICEF:GLOBAL_DATAFLOW(1.0): Cross-sector indicators,AU_CENTRAL_AFRICA: Central Africa (African Union),MNCH_ANC4: Antenatal care 4+ visits - percentage of women (aged 15-49 years) attended at least four times during pregnancy by any provider,_T: Total,2021.0,49.1,0: Units,PCNT: %,RA: Reanalysed,F: Free,,,,,,Population weighted averages calculated by UNICEF using WPP2024 weights,,,EOF: End of fieldwork,,2000-2023,Y15T49: 15 to 49 years old
UNICEF:GLOBAL_DATAFLOW(1.0): Cross-sector indicators,AU_CENTRAL_AFRICA: Central Africa (African Union),MNCH_ANC4: Antenatal care 4+ visits - percentage of women (aged 15-49 years) attended at least four times during pregnancy by any provider,_T: Total,2022.0,49.8,0: Units,PCNT: %,RA: Reanalysed,F: Free,,,,,,Population weighted averages calculated by UNICEF using WPP2024 weights,,,EOF: End of fieldwork,,2000-2023,Y15T49: 15 to 49 years old
UNICEF:GLOBAL_DATAFLOW(1.0): Cross-sector indicators,CAF: Central African Republic,MNCH_ANC1: Antenatal care 1+ visit - percentage of women (aged 15-49 years) attended at least once during pregnancy by skilled health personnel,_T: Total,2019.0,51.8,0: Units,PCNT: %,RP: Reported,F: Free,,,,,,Multiple Indicator Cluster Survey 2018-2019,,,EOF: End of fieldwork,,2000-2019,Y15T49: 15 to 49 years old
UNICEF:GLOBAL_DATAFLOW(1.0): Cross-sector indicators,CAF: Central African Republic,MNCH_ANC4: Antenatal care 4+ visits - percentage of women (aged 15-49 years) attended at least four times during pregnancy by any provider,_T: Total,2019.0,41.4,0: Units,PCNT: %,RP: Reported,F: Free,,,,,,Multiple Indicator Cluster Survey 2018-2019,,,EOF: End of fieldwork,,2010-2019,Y15T49: 15 to 49 years old
UNICEF:GLOBAL_DATAFLOW(1.0): Cross-sector indicators,CAF: Central African Republic,MNCH_IPTP: IPTp for pregnant women - percentage of women (aged 15-49 years) who received three or more doses of intermittent preventive treatment during antenatal care visits during their last pregnancy,_T: Total,2019.0,30.2,0: Units,PCNT: %,RP: Reported,F: Free,,,,,,Multiple Indicator Cluster Survey 2018-2019,,,EOF: End of fieldwork,,2010-2019,Y15T49: 15 to 49 years old
UNICEF:GLOBAL_DATAFLOW(1.0): Cross-sector indicators,UNSDG_CENTRALAMR: Central America,MNCH_ANC4: Antenatal care 4+ visits - percentage of women (aged 15-49 years) attended at least four times during pregnancy by any provider,_T: Total,2018.0,93.2,0: Units,PCNT: %,RA: Reanalysed,F: Free,,,,,,Population weighted averages calculated by UNICEF using WPP2024 weights,,,EOF: End of fieldwork,,2018,Y15T49: 15 to 49 years old
UNICEF:GLOBAL_DATAFLOW(1.0): Cross-sector indicators,UNSDG_CENTRALAMR: Central America,MNCH_ANC4: Antenatal care 4+ visits - percentage of women (aged 15-49 years) attended at least four times during pregnancy by any provider,_T: Total,2019.0,93.6,0: Units,PCNT: %,RA: Reanalysed,F: Free,,,,,,Population weighted averages calculated by UNICEF using WPP2024 weights,,,EOF: End of fieldwork,,2019,Y15T49: 15 to 49 years old
UNICEF:GLOBAL_DATAFLOW(1.0): Cross-sector indicators,UNSDG_CENTRALAMR: Central America,MNCH_ANC4: Antenatal care 4+ visits - percentage of women (aged 15-49 years) attended at least four times during pregnancy by any provider,_T: Total,2020.0,94,0: Units,PCNT: %,RA: Reanalysed,F: Free,,,,,,Population weighted averages calculated by UNICEF using WPP2024 weights,,,EOF: End of fieldwork,,2020,Y15T49: 15 to 49 years old
UNICEF:GLOBAL_DATAFLOW(1.0): Cross-sector indicators,UNSDG_CENTRALAMR: Central America,MNCH_ANC4: Antenatal care 4+ visits - percentage of women (aged 15-49 years) attended at least four times during pregnancy by any provider,_T: Total,2021.0,94.3,0: Units,PCNT: %,RA: Reanalysed,F: Free,,,,,,Population weighted averages calculated by UNICEF using WPP2024 weights,,,EOF: End of fieldwork,,2021,Y15T49: 15 to 49 years old
UNICEF:GLOBAL_DATAFLOW(1.0): Cross-sector indicators,UNSDG_CENTRALAMR: Central America,MNCH_ANC4: Antenatal care 4+ visits - percentage of women (aged 15-49 years) attended at least four times during pregnancy by any provider,_T: Total,2022.0,94.7,0: Units,PCNT: %,RA: Reanalysed,F: Free,,,,,,Population weighted averages calculated by UNICEF using WPP2024 weights,,,EOF: End of fieldwork,,2022,Y15T49: 15 to 49 years old
UNICEF:GLOBAL_DATAFLOW(1.0): Cross-sector indicators,UNSDG_CENTRALASIA: Central Asia,MNCH_ANC4: Antenatal care 4+ visits - percentage of women (aged 15-49 years) attended at least four times during pregnancy by any provider,_T: Total,2018.0,87.6,0: Units,PCNT: %,RA: Reanalysed,F: Free,,,,,,Population weighted averages calculated by UNICEF using WPP2024 weights,,,EOF: End of fieldwork,,2018,Y15T49: 15 to 49 years old
UNICEF:GLOBAL_DATAFLOW(1.0): Cross-sector indicators,UNSDG_CENTRALASIA: Central Asia,MNCH_ANC4: Antenatal care 4+ visits - percentage of women (aged 15-49 years) attended at least four times during pregnancy by any provider,_T: Total,2019.0,88.1,0: Units,PCNT: %,RA: Reanalysed,F: Free,,,,,,Population weighted averages calculated by UNICEF using WPP2024 weights,,,EOF: End of fieldwork,,2019,Y15T49: 15 to 49 years old
UNICEF:GLOBAL_DATAFLOW(1.0): Cross-sector indicators,UNSDG_CENTRALASIA: Central Asia,MNCH_ANC4: Antenatal care 4+ visits - percentage of women (aged 15-49 years) attended at least four times during pregnancy by any provider,_T: Total,2020.0,88.7,0: Units,PCNT: %,RA: Reanalysed,F: Free,,,,,,Population weighted averages calculated by UNICEF using WPP2024 weights,,,EOF: End of fieldwork,,2020,Y15T49: 15 to 49 years old
UNICEF:GLOBAL_DATAFLOW(1.0): Cross-sector indicators,UNSDG_CENTRALASIA: Central Asia,MNCH_ANC4: Antenatal care 4+ visits - percentage of women (aged 15-49 years) attended at least four times during pregnancy by any provider,_T: Total,2021.0,89.2,0: Units,PCNT: %,RA: Reanalysed,F: Free,,,,,,Population weighted averages calculated by UNICEF using WPP2024 weights,,,EOF: End of fieldwork,,2021,Y15T49: 15 to 49 years old
UNICEF:GLOBAL_DATAFLOW(1.0): Cross-sector indicators,UNSDG_CENTRALASIA: Central Asia,MNCH_ANC4: Antenatal care 4+ visits - percentage of women (aged 15-49 years) attended at least four times during pregnancy by any provider,_T: Total,2022.0,89.5,0: Units,PCNT: %,RA: Reanalysed,F: Free,,,,,,Population weighted averages calculated by UNICEF using WPP2024 weights,,,EOF: End of fieldwork,,2022,Y15T49: 15 to 49 years old
UNICEF:GLOBAL_DATAFLOW(1.0): Cross-sector indicators,UNSDG_CENTRALASIASOUTHERNASIA: Central and Southern Asia,MNCH_ANC4: Antenatal care 4+ visits - percentage of women (aged 15-49 years) attended at least four times during pregnancy by any provider,_T: Total,2018.0,54.9,0: Units,PCNT: %,RA: Reanalysed,F: Free,,,,,,Population weighted averages calculated by UNICEF using WPP2024 weights,,,EOF: End of fieldwork,,2018,Y15T49: 15 to 49 years old
UNICEF:GLOBAL_DATAFLOW(1.0): Cross-sector indicators,UNSDG_CENTRALASIASOUTHERNASIA: Central and Southern Asia,MNCH_ANC4: Antenatal care 4+ visits - percentage of women (aged 15-49 years) attended at least four times during pregnancy by any provider,_T: Total,2019.0,56.2,0: Units,PCNT: %,RA: Reanalysed,F: Free,,,,,,Population weighted averages calculated by UNICEF using WPP2024 weights,,,EOF: End of fieldwork,,2019,Y15T49: 15 to 49 years old
UNICEF:GLOBAL_DATAFLOW(1.0): Cross-sector indicators,UNSDG_CENTRALASIASOUTHERNASIA: Central and Southern Asia,MNCH_ANC4: Antenatal care 4+ visits - percentage of women (aged 15-49 years) attended at least four times during pregnancy by any provider,_T: Total,2020.0,57.4,0: Units,PCNT: %,RA: Reanalysed,F: Free,,,,,,Population weighted averages calculated by UNICEF using WPP2024 weights,,,EOF: End of fieldwork,,2020,Y15T49: 15 to 49 years old
UNICEF:GLOBAL_DATAFLOW(1.0): Cross-sector indicators,UNSDG_CENTRALASIASOUTHERNASIA: Central and Southern Asia,MNCH_ANC4: Antenatal care 4+ visits - percentage of women (aged 15-49 years) attended at least four times during pregnancy by any provider,_T: Total,2021.0,58.6,0: Units,PCNT: %,RA: Reanalysed,F: Free,,,,,,Population weighted averages calculated by UNICEF using WPP2024 weights,,,EOF: End of fieldwork,,2021,Y15T49: 15 to 49 years old
UNICEF:GLOBAL_DATAFLOW(1.0): Cross-sector indicators,UNSDG_CENTRALASIASOUTHERNASIA: Central and Southern Asia,MNCH_ANC4: Antenatal care 4+ visits - percentage of women (aged 15-49 years) attended at least four times during pregnancy by any provider,_T: Total,2022.0,59.8,0: Units,PCNT: %,RA: Reanalysed,F: Free,,,,,,Population weighted averages calculated by UNICEF using WPP2024 weights,,,EOF: End of fieldwork,,2022,Y15T49: 15 to 49 years old